标题,链接
全国人大代表庹庆明：建议对伤人犬只饲养者追刑责,https://news.sina.com.cn/c/2024-03-05/doc-inamheur1143391.shtml
香港“撤辣”后首个周末楼市重回正轨，“小阳春”可期？,https://news.sina.com.cn/o/2024-03-05/doc-inamfuer0011851.shtml
碧桂园大消息！杨惠妍：从未想过躺平,https://news.sina.com.cn/c/2024-03-05/doc-inamfpwv0322371.shtml
人大会议首场发布会：10句话回顾要点！,https://news.sina.com.cn/c/2024-03-04/doc-inamczvq7933204.shtml
美国开支法案又扯上中国：禁止购买“战略石油储备”,https://news.sina.com.cn/c/2024-03-04/doc-inamcvps8035116.shtml
2月美军60架次侦察机前往南海侦察,https://news.sina.com.cn/c/2024-03-04/doc-inamckxt1035932.shtml
特朗普参选一大障碍被排除，有人欢喜有人扰,https://news.sina.com.cn/o/2024-03-05/doc-inamfynt1263947.shtml
外媒：自今年1月接受腹部手术后，凯特王妃首次露面,https://news.sina.com.cn/w/2024-03-05/doc-inamfynn9926212.shtml
日媒：线上聊天用句号，会让日本年轻人“倍感压力”,https://news.sina.com.cn/w/2024-03-05/doc-inamfiqx0444929.shtml
日本年轻人爱打零工，有自由有隐忧,https://news.sina.com.cn/w/2024-03-05/doc-inamfiqy7222106.shtml
“令人震惊”！美乌报告披露俄一反常情况,https://news.sina.com.cn/w/2024-03-04/doc-inamckxv1461084.shtml
投下文生视频“炸弹”，Sora是鲇鱼还是鲨鱼,https://news.sina.com.cn/o/2024-03-04/doc-inamckxt1025621.shtml
农夫山泉官方旗舰店5天销量跌超90%,https://news.sina.com.cn/s/2024-03-04/doc-inamckxq5268355.shtml
盘点网红主播版“消失的她”,https://news.sina.com.cn/s/2024-03-03/doc-inakzwwh1886766.shtml
知名品牌突然通知：正式退市？！很多人都用过,https://news.sina.com.cn/s/2024-03-03/doc-inakzwwm1800471.shtml
新规后快递员业务量狂增十几倍，最担心被投诉,https://news.sina.com.cn/s/2024-03-03/doc-inakyzss2347235.shtml
西藏西部仍有强降雪   4日起将有冷空气影响我国,https://news.sina.com.cn/s/2024-03-03/doc-inakyzsk8353768.shtml
新规施行 快递员在“最后一公里”奔波,https://news.sina.com.cn/s/2024-03-02/doc-inakxiie9272132.shtml
利雅得大师赛丁俊晖3-4卡特无缘8强 希金斯进8强,https://sports.sina.com.cn/others/snooker/2024-03-05/doc-inamfynn9908040.shtml
双色球1形态疯狂现身拦不住!下期4大规律太显眼,https://sports.sina.com.cn/l/2024-03-04/doc-inamcvpr1275218.shtml
退休夫妇擒2.9亿巨奖浑身发抖 先买两辆自行车,https://sports.sina.com.cn/l/2024-03-05/doc-inamenmf0588906.shtml
代表委员热议：靠什么为生育“减负”,https://finance.sina.com.cn/jjxw/2024-03-05/doc-inamfuev1370168.shtml
两会今日看点：人大会议开幕 李强作政,https://finance.sina.com.cn/china/2024-03-05/doc-inamfcic1608254.shtml
遭欧盟天价罚款！苹果强硬回应,https://finance.sina.com.cn/tech/internet/2024-03-05/doc-inamfiqz1510345.shtml
新能源汽车“价格战”将引发车险降价,https://finance.sina.com.cn/stock/hyyj/2024-03-05/doc-inamfiqx0443586.shtml
特朗普大胜！美国最高法院裁定各州不,https://finance.sina.com.cn/stock/usstock/c/2024-03-05/doc-inamfchx0277393.shtml
飞行汽车最大订单诞生，万亿级产业待,https://finance.sina.com.cn/stock/marketresearch/2024-03-05/doc-inamfynt1246844.shtml
吸引长期资金入市路径渐次清晰 两会代,https://finance.sina.com.cn/stock/marketresearch/2024-03-05/doc-inamfcic1621154.shtml
马斯克“世界首富”跌没了！特斯拉突,https://finance.sina.com.cn/stock/s/2024-03-05/doc-inamfpwv0323039.shtml
知名国货品牌锁定退市，董事长已被立,https://finance.sina.com.cn/jjxw/2024-03-05/doc-inamesti1841239.shtml
预计今年高校毕业生超1170万人,https://finance.sina.com.cn/china/2024-03-05/doc-inamfpwv0335520.shtml
政府工作报告极简版来了！只有700字,https://finance.sina.com.cn/china/2024-03-05/doc-inamfpww7114819.shtml
问界、理想“双雄”逐鹿，国内新能源,https://finance.sina.com.cn/roll/2024-03-05/doc-inamfiqy7226673.shtml
500亿元险资私募正在运作 分析人士：,https://finance.sina.com.cn/jjxw/2024-03-05/doc-inamfcic1622630.shtml
沪深交易所：加快建立完善量化交易监,https://finance.sina.com.cn/jjxw/2024-03-05/doc-inamfcic1622620.shtml
朱同玉委员：大学校门的开与不开，不,https://finance.sina.com.cn/jjxw/2024-03-05/doc-inamfiqv0170754.shtml
2024年国防预算增长7.2%，专家：中国,https://finance.sina.com.cn/jjxw/2024-03-05/doc-inamfynr0123384.shtml
特斯拉降价无人在意,//s.weibo.com/weibo?q=%23%E7%89%B9%E6%96%AF%E6%8B%89%E9%99%8D%E4%BB%B7%E6%97%A0%E4%BA%BA%E5%9C%A8%E6%84%8F%23&c=spr_auto_trackid_5c89d7fe2afcc8ad
外交部驳斥雷蒙多称中方能让在美中国汽车熄火,//s.weibo.com/weibo?q=%23%E5%A4%96%E4%BA%A4%E9%83%A8%E9%A9%B3%E6%96%A5%E9%9B%B7%E8%92%99%E5%A4%9A%E7%A7%B0%E4%B8%AD%E6%96%B9%E8%83%BD%E8%AE%A9%E5%9C%A8%E7%BE%8E%E4%B8%AD%E5%9B%BD%E6%B1%BD%E8%BD%A6%E7%86%84%E7%81%AB%23&c=spr_auto_trackid_5c89d7fe2afcc8ad
FF起诉高合汽车,//s.weibo.com/weibo?q=%23FF%E8%B5%B7%E8%AF%89%E9%AB%98%E5%90%88%E6%B1%BD%E8%BD%A6%23&c=spr_auto_trackid_5c89d7fe2afcc8ad
3家汽车央企新能源汽车业务将单独考核,//s.weibo.com/weibo?q=%233%E5%AE%B6%E6%B1%BD%E8%BD%A6%E5%A4%AE%E4%BC%81%E6%96%B0%E8%83%BD%E6%BA%90%E6%B1%BD%E8%BD%A6%E4%B8%9A%E5%8A%A1%E5%B0%86%E5%8D%95%E7%8B%AC%E8%80%83%E6%A0%B8%23&c=spr_auto_trackid_5c89d7fe2afcc8ad
新能源汽车2月份销量放缓,//s.weibo.com/weibo?q=%23%E6%96%B0%E8%83%BD%E6%BA%90%E6%B1%BD%E8%BD%A62%E6%9C%88%E4%BB%BD%E9%94%80%E9%87%8F%E6%94%BE%E7%BC%93%23&c=spr_auto_trackid_5c89d7fe2afcc8ad
何小鹏建议允许夜间低速无人驾驶,//s.weibo.com/weibo?q=%23%E4%BD%95%E5%B0%8F%E9%B9%8F%E5%BB%BA%E8%AE%AE%E5%85%81%E8%AE%B8%E5%A4%9C%E9%97%B4%E4%BD%8E%E9%80%9F%E6%97%A0%E4%BA%BA%E9%A9%BE%E9%A9%B6%23&c=spr_auto_trackid_5c89d7fe2afcc8ad
苹果为什么放弃造车了,//s.weibo.com/weibo?q=%23%E8%8B%B9%E6%9E%9C%E4%B8%BA%E4%BB%80%E4%B9%88%E6%94%BE%E5%BC%83%E9%80%A0%E8%BD%A6%E4%BA%86%23&c=spr_auto_trackid_5c89d7fe2afcc8ad
元PLUS荣耀版11.98万元起,//s.weibo.com/weibo?q=%23%E5%85%83PLUS%E8%8D%A3%E8%80%80%E7%89%8811.98%E4%B8%87%E5%85%83%E8%B5%B7%23&c=spr_auto_trackid_5c89d7fe2afcc8ad
